{
  "scale": 4.14859437751004,
  "dx": -14.623466634208853,
  "dy": 16.50960888201257,
  "mapping": {
    "ph0": [
      22
    ],
    "ph2": [
      23
    ],
    "ph4": [
      24
    ],
    "ph6": [
      63
    ],
    "ph8": [
      64
    ],
    "ph10": [
      65
    ],
    "ph1": [],
    "ph3": [],
    "ph5": [],
    "ph7": [],
    "ph9": [],
    "ph11": []
  }
}